{"cameraMode":{"drawMode":0,"name":"Shaded","section":"Shading Mode"},"sceneLighting":true,"audioPlay":false,"sceneViewState":{"m_AlwaysRefresh":false,"showFog":true,"showSkybox":true,"showFlares":true,"showImageEffects":true,"showParticleSystems":true,"showVisualEffectGraphs":true,"m_FxEnabled":true},"in2DMode":false,"pivot":{"x":-19.928600311279298,"y":16.95543098449707,"z":-23.344409942626954},"rotation":{"x":0.12268553674221039,"y":0.010415875352919102,"z":-0.0013614487834274769,"w":0.9924112558364868},"size":0.0015877725090831519,"orthographic":false}